{
	"name": "Node.js & TypeScript",
	"image": "mcr.microsoft.com/devcontainers/typescript-node:18-bullseye",

	// Features to add to the dev container. More info: https://containers.dev/implementors/features.
	// "features": {},

	// Use 'forwardPorts' to make a list of ports inside the container available locally.
	"forwardPorts": [
		3000
	],

	// Use 'postCreateCommand' to run commands after the container is created.
	"postCreateCommand": "npm install",

	// Configure tool-specific properties.
	// "customizations": {},

	// Uncomment to connect as root instead. More info: https://aka.ms/dev-containers-non-root.
	"remoteUser": "root",
	"customizations": {
		"vscode": {
			"extensions": [
				"esbenp.prettier-vscode",
				"bradlc.vscode-tailwindcss"
			]
		}
	}
}
